<?xml version="1.0" encoding="utf-8" standalone="yes"?>
<rss version="2.0" xmlns:atom="http://www.w3.org/2005/Atom">
  <channel>
    <title>お知らせ on 中学生エンジニアの数学ノート</title>
    <link>/blog/categories/%E3%81%8A%E7%9F%A5%E3%82%89%E3%81%9B/</link>
    <description>Recent content in お知らせ on 中学生エンジニアの数学ノート</description>
    <generator>Hugo -- gohugo.io</generator>
    <language>ja</language>
    <lastBuildDate>Fri, 06 Jan 2023 22:17:11 +0900</lastBuildDate><atom:link href="/blog/categories/%E3%81%8A%E7%9F%A5%E3%82%89%E3%81%9B/index.xml" rel="self" type="application/rss+xml" />
    <item>
      <title>ブログを開設しました！！！</title>
      <link>/blog/p/izc274f/</link>
      <pubDate>Fri, 06 Jan 2023 22:17:11 +0900</pubDate>
      
      <guid>/blog/p/izc274f/</guid>
      <description>人生で始めてブログを作ってみました。
今後数学やプログラムについて気になったことなどを書き連ねて行こうと思います。</description>
    </item>
    
  </channel>
</rss>
